day,fuel_type,cost_price,selling_price,quantity_sold,pump_number,profit,sales_amount
monday,PMS,885,950,1200,pump_1,78000,1140000
tuesday,AGO,1050,1150,850,pump_2,85000,977500
monday,DPK,1100,1200,450,pump_1,45000,540000
monday,jet_AI,1200,1300,300,pump_3,30000,390000
tuesday,LPG,1100,1200,1400,pump_4,140000,1680000
tuesday,CNG,1050,1150,900,pump_1,90000,1035000
wednesday,premium_petrol,1300,1450,500,pump_2,75000,725000
wednesday,regular_petrol,1000,1150,300,pump_4,45000,345000
thursday,super_unleaded_petrol,900,1000,1350,pump_1,135000,1350000
wednesday,biodiesel,1080,1200,800,pump_3,96000,960000
friday,ethanol_fuel,1300,1400,450,pump_2,45000,630000
friday,E10_fuel,1200,1300,320,pump_1,32000,416000
saturday,E85_fuel,1050,1200,1500,pump_4,225000,1800000
saturday,bioethanol,1000,1150,870,pump_2,130500,1000500
sunday,LNG,910,1100,460,pump_3,87400,506000
sunday,hydrogen_fuel,1400,1550,340,pump_1,51000,527000
friday,methanol_fuel,1500,1650,1250,pump_2,187500,2062500
thursday,propane,1320,1420,910,pump_4,91000,1292200
thursday,butane,1260,1340,490,pump_1,39200,656600
sunday,HFO,1100,1210,310,pump_3,34100,375100
